{"_timestamp":1.7273065998405423e+09,"train/loss":0.4007,"train/train_runtime":745.8708,"_runtime":745.473182931,"train/train_samples_per_second":7.228,"train/global_step":675,"_wandb":{"runtime":752},"_step":675,"train/learning_rate":0,"train/total_flos":1.4056983655088128e+16,"train/epoch":3,"train/train_steps_per_second":0.905,"train/train_loss":0.7864464316213573}