{"train/loss":0.3361,"_timestamp":1.727362895427068e+09,"train/train_samples_per_second":7.192,"train/total_flos":1.4056983655088128e+16,"train/train_loss":0.7707153522692345,"train/train_steps_per_second":0.901,"train/global_step":675,"_step":675,"_runtime":749.150532759,"train/train_runtime":749.556,"train/learning_rate":0,"train/epoch":3,"_wandb":{"runtime":756}}